target	colourfulness	saturation	hue_entropy	coverage	shots
voronoi_gles3	234.7	0.920	2.47	1.000	8
hyprsaver_wormhole_gles3	161.8	0.694	2.65	1.000	8
hyprsaver_kaleidoscope_gles3	163.0	0.866	1.79	1.000	8
klein_gles3	119.6	0.989	2.71	0.406	8
hypertorus_gles3	80.4	0.955	3.71	0.243	8
projectiveplane_gles3	72.6	0.937	4.08	0.202	8
hyprsaver_blob_gles3	110.5	0.705	2.57	0.836	8
hyprsaver_flames_gles3	102.6	0.864	2.22	0.486	8
hyprsaver_voronoi_gles3	63.7	0.695	3.55	0.867	8
hyprsaver_matrix_gles3	40.0	0.740	4.37	0.220	8
cityflow_gles3	107.0	0.939	0.83	1.000	8
lockward_gles3	71.8	0.718	2.97	0.363	8
hyprsaver_donut_gles3	79.5	0.762	2.40	0.221	8
hyprsaver_aurora_gles3	79.6	0.681	2.29	0.824	8
hyprsaver_mobius_gles3	46.8	0.998	2.52	0.118	8
hyprsaver_plasma_gles3	76.8	0.735	2.12	0.868	8
hyprsaver_tunnel_gles3	42.8	0.711	3.59	0.241	8
hyprsaver_attitude_gles3	97.3	0.813	0.97	0.344	8
gravitywell_gles3	49.6	0.999	1.99	0.188	8
hyprsaver_tesla_gles3	43.3	0.999	2.20	0.085	8
romanboy_gles3	55.5	0.951	1.84	0.093	8
hyprsaver_fractaltrap_gles3	53.9	0.534	3.29	0.537	8
stonerview_gles3	48.3	0.891	2.24	0.079	8
hyprsaver_waterfall_gles3	47.7	0.765	2.66	0.523	8
hyprsaver_clouds_gles3	72.6	0.567	2.26	1.000	8
geodesic_gles3	72.4	0.936	1.01	0.215	8
hyprsaver_julia_gles3	25.2	1.000	2.39	0.243	8
crackberg_gles3	78.7	0.415	2.09	0.998	8
hyprsaver_planet_gles3	40.3	0.529	3.04	0.182	8
hyprsaver_marble_gles3	44.3	0.575	2.70	0.853	8
hyprsaver_fireflies_gles3	14.3	0.997	2.51	0.033	8
hyprsaver_circuit_gles3	25.1	0.789	2.63	0.083	8
atlantis_gles3	58.0	1.000	0.54	0.893	8
hyprsaver_oscilloscope_gles3	32.4	0.560	2.77	0.200	8
hypnowheel_gles3	63.7	0.113	2.91	0.998	8
hyprsaver_gridwave_gles3	23.6	0.726	2.33	0.058	8
geodesicgears_gles3	40.8	0.684	1.71	0.220	8
hyprsaver_terminal_gles3	37.7	0.983	0.78	0.142	8
hyprsaver_temple_gles3	31.9	0.726	1.88	0.218	8
noof_gles3	25.2	0.218	3.72	0.534	8
covid19_gles3	37.5	0.582	1.99	0.129	8
hyprsaver_bezier_gles3	6.9	0.824	2.45	0.012	8
hyprsaver_caustics_gles3	36.0	1.000	0.64	1.000	8
etruscanvenus_gles3	36.1	0.689	1.52	0.119	8
hyprsaver_snowfall_gles3	13.0	0.787	2.02	0.013	8
hyprsaver_starfield_gles3	7.0	0.659	2.62	0.035	8
hyprsaver_hypercube_gles3	19.6	0.490	2.61	0.051	8
topblock_gles3	40.3	0.958	0.00	0.084	8
hexstrut_gles3	64.8	0.561	0.22	0.240	8
hyprsaver_stonks_gles3	27.2	0.674	1.27	0.052	8
gibson_gles3	67.2	0.478	0.00	0.417	8
hyprsaver_geometry_gles3	4.0	0.458	2.61	0.022	8
hyprsaver_sonar_gles3	11.0	0.914	0.76	0.013	8
splodesic_gles3	26.1	0.932	0.01	0.052	8
hyprsaver_lissajous_gles3	5.9	0.996	0.60	0.023	8
cubestack_gles3	8.0	0.947	0.55	0.043	8
hyprsaver_shipburn_gles3	10.6	0.494	1.91	0.274	8
raverhoop_gles3	38.8	0.378	1.00	0.169	8
starwars_gles3	8.1	0.089	3.24	0.147	8
boing_gles3	43.7	0.184	1.31	0.999	8
polyhedra-gl_gles3	27.2	0.761	0.00	0.086	8
kallisti_gles3	4.4	0.978	0.00	0.008	8
unicrud_gles3	33.5	0.241	0.97	0.653	8
unknownpleasures_gles3	33.5	0.241	0.97	0.762	8
providence_gles3	1.3	0.865	0.00	0.004	8
cube21_gles3	0.9	0.255	1.88	0.006	8
tronbit_gles3	18.2	0.494	0.06	0.066	8
glforestfire_gles3	45.5	0.140	0.00	1.000	8
flyingtoasters_gles3	1.9	0.195	1.52	0.007	8
juggler3d_gles3	8.2	0.486	0.26	0.019	8
cubetwist_gles3	11.0	0.429	0.31	0.125	8
kaleidocycle_gles3	10.7	0.308	0.71	0.064	8
moebiusgears_gles3	4.1	0.084	1.69	0.124	8
molecule_gles3	6.5	0.094	1.54	0.060	8
spheremonics_gles3	10.1	0.295	0.55	0.051	8
gears_gles3	1.6	0.135	1.27	0.018	8
lament_gles3	8.9	0.250	0.53	0.094	8
glhanoi_gles3	2.6	0.122	1.18	0.023	8
handsy_gles3	26.2	0.014	0.46	0.052	8
razzledazzle_gles3	5.6	0.243	0.37	0.596	8
highvoltage_gles3	15.6	0.200	0.00	1.000	8
squirtorus_gles3	12.0	0.147	0.11	0.976	8
papercube_gles3	9.3	0.123	0.00	0.141	8
companion_gles3	4.0	0.131	0.17	0.038	8
jigsaw_gles3	3.5	0.145	0.09	0.176	8
discoball_gles3	5.2	0.064	0.19	0.322	8
antinspect_gles3	0.2	0.003	0.54	0.067	8
sphereeversion_gles3	3.9	0.036	0.00	0.238	8
lavalite_gles3	2.2	0.048	0.00	0.045	8
lattice_gles3	0.4	0.068	0.00	0.002	8
mapscroller_gles3	3.1	0.025	0.00	0.667	8
splitflap_gles3	1.6	0.012	0.00	0.333	8
peepers_gles3	0.1	0.000	0.00	0.022	8
antspotlight_gles3	0.0	0.000	0.00	0.006	8
beats_gles3	0.0	0.000	0.00	0.005	8
blinkbox_gles3	0.0	0.000	0.00	0.015	8
blocktube_gles3	0.0	0.000	0.00	0.632	8
bouncingcow_gles3	0.0	0.000	0.00	0.000	8
chompytower_gles3	0.0	0.000	0.00	0.000	8
crumbler_gles3	0.0	0.000	0.00	0.210	8
cubenetic_gles3	0.0	0.000	0.00	0.000	8
cubestorm_gles3	0.0	0.000	0.00	0.346	8
cubicgrid_gles3	0.0	0.000	0.00	0.000	8
cyclone_gles3	0.0	0.000	0.00	0.000	8
dangerball_gles3	0.0	0.000	0.00	0.026	8
energystream_gles3	0.0	0.000	0.00	0.030	8
euphoria_gles3	0.0	0.000	0.00	0.000	8
fieldlines_gles3	0.0	0.000	0.00	0.006	8
fliptext_gles3	0.0	0.000	0.00	0.000	8
flocks_gles3	0.0	0.000	0.00	0.000	8
flurry_gles3	0.0	0.000	0.00	0.000	8
flux_gles3	0.0	0.000	0.00	0.000	8
glblur_gles3	0.0	0.000	0.00	0.000	8
glcells_gles3	0.0	0.000	0.00	0.000	8
glknots_gles3	0.0	0.000	0.00	0.064	8
glschool_gles3	0.0	0.000	0.00	0.899	8
glsnake_gles3	0.0	0.000	0.00	0.076	8
gltext_gles3	0.0	0.000	0.00	0.000	8
headroom_gles3	0.0	0.000	0.00	0.000	8
helios_gles3	0.0	0.000	0.00	0.000	8
hextrail_gles3	0.0	0.000	0.00	0.000	8
hilbert_gles3	0.0	0.000	0.00	0.158	8
hydrostat_gles3	0.0	0.000	0.00	0.012	8
hyperspace_gles3	0.0	0.000	0.00	0.000	8
implicitdemo_gles3	0.0	0.000	0.00	0.000	8
menger_gles3	0.0	0.000	0.00	0.000	8
microcosm_gles3	0.0	0.000	0.00	0.000	8
nakagin_gles3	0.0	0.000	0.00	0.067	8
photopile_gles3	0.0	0.000	0.00	0.000	8
plasma_gles3	0.0	0.000	0.00	0.000	8
quasicrystal_gles3	0.0	0.000	0.00	1.000	8
rubikblocks_gles3	0.0	0.000	0.00	0.065	8
sballs_gles3	0.0	0.000	0.00	0.687	8
skulloop_gles3	0.0	0.000	0.00	0.000	8
skyrocket_gles3	0.0	0.000	0.00	0.000	8
skytentacles_gles3	0.0	0.000	0.00	0.000	8
solarwinds_gles3	0.0	0.000	0.00	0.000	8
tangram_gles3	0.0	0.000	0.00	0.089	8
timetunnel_gles3	0.0	0.000	0.00	0.000	8
winduprobot_gles3	0.0	0.000	0.00	0.000	8
