target	edge_density	fractal_dim	hi_freq	motion	pct_changed	shots
hyprsaver_snowfall_gles3	490.0	0.928	0.655	1.55	0.019	8
cubestorm_gles3	399.1	1.812	0.691	19.98	0.219	8
hyprsaver_hypercube_gles3	445.9	1.512	0.466	7.09	0.077	8
hyprsaver_matrix_gles3	324.6	1.501	0.620	27.18	0.403	8
topblock_gles3	284.3	1.843	0.625	4.05	0.068	8
lament_gles3	268.5	1.769	0.656	13.16	0.128	8
handsy_gles3	303.0	1.597	0.490	13.15	0.084	8
glknots_gles3	305.0	1.650	0.424	13.11	0.105	8
hyprsaver_circuit_gles3	294.4	1.340	0.429	2.69	0.054	8
flyingtoasters_gles3	239.4	1.429	0.624	0.74	0.012	8
hyprsaver_gridwave_gles3	228.6	1.744	0.553	4.62	0.082	8
hexstrut_gles3	269.3	1.447	0.417	30.05	0.303	8
romanboy_gles3	213.2	1.707	0.570	9.77	0.131	8
hyprsaver_bezier_gles3	182.2	1.258	0.822	0.91	0.020	8
hyprsaver_stonks_gles3	240.5	1.394	0.464	3.29	0.042	8
gravitywell_gles3	170.0	1.784	0.690	12.15	0.250	8
juggler3d_gles3	225.8	1.623	0.441	0.93	0.016	8
moebiusgears_gles3	207.6	1.599	0.511	15.22	0.178	8
hyprsaver_terminal_gles3	174.1	1.638	0.651	11.14	0.255	8
fieldlines_gles3	190.7	1.245	0.665	0.69	0.017	8
hyprsaver_temple_gles3	168.3	1.537	0.679	13.71	0.304	8
beats_gles3	229.4	1.325	0.395	1.42	0.010	8
noof_gles3	156.4	1.555	0.643	21.99	0.435	8
nakagin_gles3	186.0	1.608	0.476	6.64	0.076	8
glhanoi_gles3	188.7	1.385	0.522	1.72	0.031	8
projectiveplane_gles3	166.4	1.639	0.539	18.86	0.254	8
blinkbox_gles3	213.7	1.267	0.411	4.94	0.024	8
hyprsaver_oscilloscope_gles3	197.3	1.527	0.381	10.25	0.184	8
splitflap_gles3	142.7	1.358	0.653	142.35	0.600	8
etruscanvenus_gles3	156.1	1.587	0.509	16.09	0.200	8
geodesic_gles3	167.7	1.487	0.474	23.77	0.259	8
gears_gles3	164.9	1.333	0.526	1.54	0.023	8
kallisti_gles3	128.4	1.409	0.682	0.29	0.009	8
hyprsaver_tunnel_gles3	140.6	1.670	0.534	7.96	0.161	8
hyprsaver_starfield_gles3	135.8	1.277	0.659	2.48	0.075	8
hilbert_gles3	158.5	1.624	0.419	3.34	0.055	8
antspotlight_gles3	110.5	1.496	0.691	0.24	0.007	8
hyprsaver_marble_gles3	118.0	1.665	0.595	15.94	0.415	8
mapscroller_gles3	107.0	1.386	0.661	143.94	0.646	8
tronbit_gles3	125.0	1.563	0.513	7.98	0.098	8
unicrud_gles3	109.7	1.430	0.617	142.37	0.797	8
raverhoop_gles3	136.0	1.602	0.431	31.55	0.230	8
hyprsaver_geometry_gles3	160.4	1.367	0.359	0.92	0.029	8
peepers_gles3	137.1	1.539	0.419	3.36	0.038	8
molecule_gles3	121.2	1.637	0.453	3.91	0.079	8
glsnake_gles3	117.5	1.478	0.478	4.23	0.049	8
covid19_gles3	107.4	1.555	0.497	18.33	0.237	8
hypertorus_gles3	114.5	1.508	0.459	24.51	0.295	8
hydrostat_gles3	120.2	1.578	0.392	2.53	0.020	8
cubetwist_gles3	101.3	1.683	0.454	8.00	0.153	8
lattice_gles3	152.1	0.838	0.440	0.18	0.004	8
geodesicgears_gles3	86.0	1.655	0.524	12.45	0.271	8
blocktube_gles3	92.0	1.429	0.560	38.42	0.485	8
jigsaw_gles3	90.2	1.468	0.521	10.33	0.213	8
papercube_gles3	105.9	1.403	0.448	10.99	0.146	8
energystream_gles3	151.2	0.858	0.366	5.23	0.023	8
hyprsaver_voronoi_gles3	73.8	1.484	0.564	48.86	0.884	8
spheremonics_gles3	87.8	1.428	0.499	2.76	0.058	8
hyprsaver_sonar_gles3	82.1	1.297	0.565	0.32	0.007	8
hyprsaver_fireflies_gles3	144.8	1.143	0.284	0.75	0.023	8
hyprsaver_shipburn_gles3	44.4	1.581	0.651	1.98	0.048	8
stonerview_gles3	81.0	1.405	0.487	7.63	0.123	8
hyprsaver_planet_gles3	53.9	1.293	0.618	6.92	0.160	8
providence_gles3	41.3	1.471	0.593	0.08	0.003	8
dangerball_gles3	76.9	1.561	0.388	6.42	0.050	8
cube21_gles3	67.6	1.282	0.512	0.34	0.009	8
hyprsaver_julia_gles3	33.2	1.574	0.589	2.33	0.066	8
splodesic_gles3	49.9	1.263	0.582	3.72	0.077	8
hyprsaver_tesla_gles3	52.0	1.415	0.513	1.58	0.036	8
bouncingcow_gles3	131.9	0.609	0.334	0.01	0.000	8
chompytower_gles3	131.9	0.609	0.334	0.01	0.000	8
cubenetic_gles3	131.9	0.609	0.334	0.01	0.000	8
cubicgrid_gles3	131.9	0.609	0.334	0.01	0.000	8
cyclone_gles3	131.9	0.609	0.334	0.01	0.000	8
euphoria_gles3	131.9	0.609	0.334	0.01	0.000	8
fliptext_gles3	131.9	0.609	0.334	0.01	0.000	8
flocks_gles3	131.9	0.609	0.334	0.01	0.000	8
flurry_gles3	131.9	0.609	0.334	0.01	0.000	8
flux_gles3	131.9	0.609	0.334	0.01	0.000	8
glblur_gles3	131.9	0.609	0.334	0.01	0.000	8
glcells_gles3	131.9	0.609	0.334	0.01	0.000	8
gltext_gles3	131.9	0.609	0.334	0.01	0.000	8
headroom_gles3	131.9	0.609	0.334	0.01	0.000	8
helios_gles3	131.9	0.609	0.334	0.01	0.000	8
hextrail_gles3	131.9	0.609	0.334	0.01	0.000	8
hyperspace_gles3	131.9	0.609	0.334	0.01	0.000	8
implicitdemo_gles3	131.9	0.609	0.334	0.01	0.000	8
menger_gles3	131.9	0.609	0.334	0.01	0.000	8
microcosm_gles3	131.9	0.609	0.334	0.01	0.000	8
photopile_gles3	131.9	0.609	0.334	0.01	0.000	8
plasma_gles3	131.9	0.609	0.334	0.01	0.000	8
skulloop_gles3	131.9	0.609	0.334	0.01	0.000	8
skyrocket_gles3	131.9	0.609	0.334	0.01	0.000	8
skytentacles_gles3	131.9	0.609	0.334	0.01	0.000	8
solarwinds_gles3	131.9	0.609	0.334	0.01	0.000	8
timetunnel_gles3	131.9	0.609	0.334	0.01	0.000	8
winduprobot_gles3	131.9	0.609	0.334	0.01	0.000	8
boing_gles3	53.0	1.291	0.501	20.78	0.543	8
companion_gles3	100.6	1.029	0.336	9.56	0.068	8
gibson_gles3	57.2	1.477	0.418	69.99	0.567	8
sphereeversion_gles3	70.0	1.365	0.387	18.48	0.174	8
hyprsaver_fractaltrap_gles3	40.6	1.561	0.466	6.69	0.168	8
tangram_gles3	60.3	1.343	0.433	6.51	0.086	8
hyprsaver_kaleidoscope_gles3	43.5	1.561	0.449	23.65	0.435	8
kaleidocycle_gles3	58.2	1.357	0.404	4.44	0.069	8
hyprsaver_attitude_gles3	55.9	1.311	0.402	1.38	0.012	8
hyprsaver_mobius_gles3	39.0	1.756	0.352	4.07	0.086	8
hypnowheel_gles3	20.0	1.488	0.521	5.62	0.130	8
discoball_gles3	41.4	1.435	0.430	50.23	0.399	8
starwars_gles3	41.0	1.361	0.453	7.46	0.092	8
crackberg_gles3	34.6	1.486	0.443	32.60	0.502	8
hyprsaver_lissajous_gles3	80.5	1.201	0.297	0.83	0.036	8
rubikblocks_gles3	49.1	1.310	0.419	4.23	0.042	8
unknownpleasures_gles3	26.2	1.453	0.489	121.38	0.794	8
hyprsaver_waterfall_gles3	53.0	1.520	0.309	37.53	0.631	8
antinspect_gles3	33.6	1.326	0.460	1.22	0.041	8
crumbler_gles3	42.4	1.308	0.412	13.92	0.190	8
cubestack_gles3	17.3	1.537	0.467	0.50	0.030	8
lavalite_gles3	39.2	1.470	0.375	0.03	0.000	8
klein_gles3	40.8	1.348	0.399	63.93	0.603	8
hyprsaver_donut_gles3	52.8	1.370	0.332	7.00	0.080	8
glschool_gles3	6.7	1.217	0.603	5.95	0.208	8
lockward_gles3	29.3	1.378	0.429	6.18	0.169	8
hyprsaver_aurora_gles3	49.9	1.609	0.231	34.48	0.724	8
hyprsaver_wormhole_gles3	18.5	1.599	0.382	16.27	0.438	8
hyprsaver_blob_gles3	22.8	1.335	0.427	9.31	0.155	8
razzledazzle_gles3	9.8	1.405	0.446	10.23	0.290	8
squirtorus_gles3	6.9	1.488	0.430	2.08	0.035	8
hyprsaver_caustics_gles3	3.6	1.519	0.416	0.93	0.027	8
hyprsaver_flames_gles3	42.6	1.472	0.228	27.25	0.396	8
polyhedra-gl_gles3	12.5	1.350	0.403	2.43	0.077	8
voronoi_gles3	9.1	1.324	0.396	53.85	0.764	8
atlantis_gles3	2.3	1.627	0.335	0.07	0.000	8
hyprsaver_clouds_gles3	11.3	1.582	0.265	25.05	0.590	8
hyprsaver_plasma_gles3	27.2	1.563	0.179	28.15	0.504	8
cityflow_gles3	1.7	1.218	0.353	12.42	0.163	8
glforestfire_gles3	6.3	1.196	0.315	2.33	0.024	8
sballs_gles3	23.3	1.185	0.209	0.34	0.007	8
highvoltage_gles3	0.1	0.572	0.328	0.02	0.000	8
quasicrystal_gles3	0.1	0.576	0.327	0.02	0.000	8
