o6n	voronoi	legacy	34.7	28.83	29.77	29.89
o6n	gravitywell	legacy	60.0	16.66	19.45	22.22
o6n	hexstrut	legacy	60.0	16.66	16.71	16.74
o6n	cubestorm	legacy	1.9	534.29	767.09	767.09
o6n	crackberg	legacy	14.2	70.37	83.46	85.00
o6n	cityflow	legacy	60.0	16.67	16.73	16.81
o6n	noof	legacy	60.0	16.66	16.83	22.25
o6n	geodesic	legacy	11.5	86.94	88.74	108.96
o6n	gibson	legacy	8.8	113.64	185.14	206.58
o6n	voronoi	classic	60.0	16.66	16.73	17.35
o6n	gravitywell	classic	60.0	16.66	16.74	17.20
o6n	hexstrut	classic	60.0	16.67	16.72	17.17
o6n	cubestorm	classic	60.0	16.67	16.72	16.79
o6n	crackberg	classic	60.0	16.66	16.73	16.77
o6n	cityflow	classic	60.0	16.66	16.73	17.08
o6n	noof	classic	60.0	16.67	16.74	16.78
o6n	geodesic	classic	60.0	16.67	16.71	16.80
o6n	gibson	classic	60.0	16.67	16.72	17.25
o6n	voronoi	enhanced	60.0	16.67	16.69	16.72
o6n	gravitywell	enhanced	60.0	16.67	16.70	16.71
o6n	hexstrut	enhanced	60.0	16.67	16.73	17.26
o6n	cubestorm	enhanced	60.0	16.67	16.70	16.73
o6n	crackberg	enhanced	60.0	16.67	16.70	16.72
o6n	cityflow	enhanced	60.0	16.67	16.70	16.73
o6n	noof	enhanced	60.0	16.67	16.74	16.79
o6n	geodesic	enhanced	60.0	16.66	16.75	17.20
o6n	gibson	enhanced	60.0	16.66	16.73	16.91
o6n	hypertorus	upstream	60.0	16.66	16.72	17.21
o6n	klein	upstream	60.0	16.66	16.73	17.22
o6n	projectiveplane	upstream	60.0	16.66	16.72	17.28
pegasus	voronoi	legacy	60.0	16.66	16.94	16.99
pegasus	gravitywell	legacy	60.0	16.66	16.94	17.00
pegasus	hexstrut	legacy	60.0	16.67	16.93	16.95
pegasus	cubestorm	legacy	27.8	35.94	37.56	38.45
pegasus	crackberg	legacy	60.0	16.67	16.93	17.00
pegasus	cityflow	legacy	60.0	16.67	16.82	16.87
pegasus	noof	legacy	60.0	16.66	16.87	16.97
pegasus	geodesic	legacy	60.0	16.67	19.52	20.23
pegasus	gibson	legacy	60.0	16.67	16.84	16.90
pegasus	voronoi	classic	60.0	16.67	16.90	17.03
pegasus	gravitywell	classic	60.0	16.66	16.84	16.89
pegasus	hexstrut	classic	60.0	16.68	16.91	16.98
pegasus	cubestorm	classic	60.0	16.67	16.86	16.94
pegasus	crackberg	classic	60.0	16.67	16.90	16.94
pegasus	cityflow	classic	60.0	16.66	16.97	17.11
pegasus	noof	classic	60.0	16.67	16.90	16.92
pegasus	geodesic	classic	60.0	16.66	16.88	16.93
pegasus	gibson	classic	60.0	16.66	16.99	17.21
pegasus	voronoi	enhanced	45.2	22.11	22.33	22.57
pegasus	gravitywell	enhanced	60.0	16.67	16.91	17.06
pegasus	hexstrut	enhanced	60.0	16.66	16.84	16.90
pegasus	cubestorm	enhanced	60.0	16.67	16.94	17.05
pegasus	crackberg	enhanced	60.0	16.67	16.90	16.99
pegasus	cityflow	enhanced	60.0	16.67	16.96	17.00
pegasus	geodesic	enhanced	60.0	16.68	16.95	17.08
pegasus	gibson	enhanced	60.0	16.67	16.90	16.96
pegasus	hypertorus	upstream	60.0	16.67	16.90	16.93
pegasus	klein	upstream	60.0	16.67	16.89	16.93
pegasus	projectiveplane	upstream	60.0	16.67	16.88	16.93
pegasus	noof	enhanced	59.9	16.69	16.95	17.12
medusa	voronoi	legacy	60.0	16.67	16.75	16.80
medusa	gravitywell	legacy	60.0	16.67	16.78	17.05
medusa	hexstrut	legacy	60.0	16.67	16.76	16.82
medusa	cubestorm	legacy	30.3	32.99	33.62	34.89
medusa	crackberg	legacy	52.9	18.90	21.85	22.69
medusa	cityflow	legacy	60.0	16.67	16.75	16.81
medusa	noof	legacy	60.0	16.67	16.72	16.78
medusa	geodesic	legacy	60.0	16.67	17.07	17.51
medusa	gibson	legacy	36.4	27.50	30.33	30.74
medusa	voronoi	classic	60.0	16.67	16.76	16.82
medusa	gravitywell	classic	60.0	16.67	16.80	17.30
medusa	hexstrut	classic	60.0	16.67	16.75	16.82
medusa	cubestorm	classic	60.0	16.67	16.74	17.17
medusa	crackberg	classic	60.0	16.67	16.72	16.81
medusa	cityflow	classic	60.0	16.67	16.75	17.08
medusa	noof	classic	60.0	16.67	16.75	16.78
medusa	geodesic	classic	60.0	16.67	16.73	17.23
medusa	gibson	classic	60.0	16.67	16.72	16.75
medusa	voronoi	enhanced	60.0	16.66	16.76	16.79
medusa	gravitywell	enhanced	60.0	16.67	16.77	16.80
medusa	hexstrut	enhanced	60.0	16.67	16.75	16.88
medusa	cubestorm	enhanced	60.0	16.67	16.73	16.81
medusa	crackberg	enhanced	60.0	16.67	16.73	16.78
medusa	cityflow	enhanced	60.0	16.67	16.75	16.83
medusa	noof	enhanced	60.0	16.67	16.73	16.83
medusa	geodesic	enhanced	60.0	16.67	16.71	16.84
medusa	gibson	enhanced	60.0	16.67	16.73	16.87
medusa	hypertorus	upstream	60.0	16.67	16.78	17.10
medusa	klein	upstream	60.0	16.67	16.75	16.82
medusa	projectiveplane	upstream	60.0	16.67	16.82	17.34
chimera	voronoi	legacy	60.0	16.67	16.75	16.87
chimera	gravitywell	legacy	60.0	16.67	16.75	16.81
chimera	hexstrut	legacy	60.0	16.67	16.78	17.14
chimera	crackberg	legacy	44.9	22.25	25.20	25.66
chimera	cityflow	legacy	60.0	16.67	16.75	16.87
chimera	noof	legacy	60.0	16.67	16.73	16.79
chimera	geodesic	legacy	60.0	16.67	17.01	19.14
chimera	gibson	legacy	32.6	30.67	31.82	32.24
chimera	voronoi	classic	60.0	16.67	16.75	16.85
chimera	gravitywell	classic	60.0	16.67	16.78	17.70
chimera	hexstrut	classic	60.0	16.67	16.78	16.84
chimera	cubestorm	classic	60.0	16.67	16.79	17.15
chimera	crackberg	classic	60.0	16.67	16.74	16.85
chimera	cityflow	classic	60.0	16.67	16.79	17.23
chimera	noof	classic	60.0	16.67	16.76	16.81
chimera	geodesic	classic	60.0	16.67	16.77	16.88
chimera	gibson	classic	60.0	16.67	16.73	16.82
chimera	voronoi	enhanced	60.0	16.67	16.83	17.14
chimera	gravitywell	enhanced	60.0	16.67	16.74	16.81
chimera	hexstrut	enhanced	60.0	16.67	16.72	16.81
chimera	cubestorm	enhanced	60.0	16.67	16.77	16.82
chimera	crackberg	enhanced	60.0	16.67	16.72	16.79
chimera	cityflow	enhanced	60.0	16.67	16.75	16.84
chimera	noof	enhanced	60.0	16.67	16.75	16.86
chimera	geodesic	enhanced	60.0	16.67	16.76	17.11
chimera	gibson	enhanced	60.0	16.67	16.75	16.79
chimera	hypertorus	upstream	60.0	16.67	16.72	16.79
chimera	klein	upstream	60.0	16.67	16.76	16.80
chimera	projectiveplane	upstream	60.0	16.67	16.77	17.33
msr1	voronoi	legacy	55.6	17.97	28.86	28.95
msr1	gravitywell	legacy	60.0	16.67	21.55	22.15
msr1	hexstrut	legacy	60.0	16.67	16.71	16.77
msr1	cubestorm	legacy	1.9	540.34	782.77	782.77
msr1	crackberg	legacy	12.4	80.81	92.37	95.70
msr1	cityflow	legacy	60.0	16.67	16.69	16.70
msr1	noof	legacy	60.0	16.67	16.77	20.65
msr1	geodesic	legacy	21.4	46.72	85.11	85.71
msr1	gibson	legacy	8.9	111.94	118.16	190.76
msr1	voronoi	classic	60.0	16.67	16.70	16.71
msr1	gravitywell	classic	60.0	16.67	16.69	16.72
msr1	hexstrut	classic	60.0	16.67	16.71	16.75
msr1	cubestorm	classic	60.0	16.67	16.70	16.73
msr1	crackberg	classic	60.0	16.66	16.73	16.77
msr1	cityflow	classic	60.0	16.67	16.72	16.81
msr1	noof	classic	60.0	16.67	16.72	16.98
msr1	geodesic	classic	60.0	16.67	16.71	17.06
msr1	gibson	classic	60.0	16.67	16.71	16.79
msr1	voronoi	enhanced	60.0	16.67	16.70	16.72
msr1	gravitywell	enhanced	60.0	16.67	16.69	16.70
msr1	hexstrut	enhanced	60.0	16.67	16.72	16.90
msr1	cubestorm	enhanced	60.0	16.67	16.71	16.78
msr1	crackberg	enhanced	60.0	16.67	16.76	16.96
msr1	cityflow	enhanced	60.0	16.67	16.70	16.79
msr1	noof	enhanced	60.0	16.67	16.72	16.87
msr1	geodesic	enhanced	60.0	16.67	16.72	17.00
msr1	gibson	enhanced	60.0	16.67	16.71	16.99
msr1	hypertorus	upstream	60.0	16.67	16.76	17.29
msr1	klein	upstream	60.0	16.67	16.71	16.86
msr1	projectiveplane	upstream	60.0	16.67	16.70	17.15
